db\da/1.jpg;0
db\da/10.jpg;0
db\da/2.jpg;0
db\da/3.jpg;0
db\da/4.jpg;0
db\da/5.jpg;0
db\da/6.jpg;0
db\da/7.jpg;0
db\da/8.jpg;0
db\da/9.jpg;0
db\daniel/1.jpg;1
db\daniel/10.jpg;1
db\daniel/2.jpg;1
db\daniel/3.jpg;1
db\daniel/4.jpg;1
db\daniel/5.jpg;1
db\daniel/6.jpg;1
db\daniel/7.jpg;1
db\daniel/8.jpg;1
db\daniel/9.jpg;1
db\rasio/1.jpg;2
db\rasio/10.jpg;2
db\rasio/2.jpg;2
db\rasio/3.jpg;2
db\rasio/4.jpg;2
db\rasio/5.jpg;2
db\rasio/6.jpg;2
db\rasio/7.jpg;2
db\rasio/8.jpg;2
db\rasio/9.jpg;2
db\yuri/1.jpg;3
db\yuri/10.jpg;3
db\yuri/2.jpg;3
db\yuri/3.jpg;3
db\yuri/4.jpg;3
db\yuri/5.jpg;3
db\yuri/6.jpg;3
db\yuri/7.jpg;3
db\yuri/8.jpg;3
db\yuri/9.jpg;3
